Code commune,Nom commune,Pop_2020,COD_DEP,Seg_population
75056,Paris,2145906,75,Grande population
77001,Achères-la-Forêt,1151,77,Petite population
77002,Amillis,819,77,Petite population
77003,Amponville,342,77,Petite population
77004,Andrezel,299,77,Petite population
77005,Annet-sur-Marne,3305,77,Petite population
77006,Arbonne-la-Forêt,978,77,Petite population
77007,Argentières,355,77,Petite population
77008,Armentières-en-Brie,1213,77,Petite population
77009,Arville,129,77,Petite population
77010,Aubepierre-Ozouer-le-Repos,941,77,Petite population
77011,Aufferville,491,77,Petite population
77012,Augers-en-Brie,292,77,Petite population
77013,Aulnoy,361,77,Petite population
77014,Avon,13545,77,Population moyenne
77015,Baby,100,77,Petite population
77016,Bagneaux-sur-Loing,1607,77,Petite population
77018,Bailly-Romainvilliers,7288,77,Petite population
77019,Balloy,335,77,Petite population
77020,Bannost-Villegagnon,649,77,Petite population
77021,Barbey,154,77,Petite population
77022,Barbizon,1245,77,Petite population
77023,Barcy,359,77,Petite population
77024,Bassevelle,393,77,Petite population
77025,Bazoches-lès-Bray,872,77,Petite population
77026,Beauchery-Saint-Martin,354,77,Petite population
77027,Beaumont-du-Gâtinais,1175,77,Petite population
77029,Beauvoir,185,77,Petite population
77030,Bellot,773,77,Petite population
77031,Bernay-Vilbert,946,77,Petite population
77032,Beton-Bazoches,924,77,Petite population
77033,Bezalles,230,77,Petite population
77034,Blandy,782,77,Petite population
77035,Blennes,546,77,Petite population
77036,Boisdon,134,77,Petite population
77037,Bois-le-Roi,5933,77,Petite population
77038,Boissettes,413,77,Petite population
77039,Boissise-la-Bertrand,1169,77,Petite population
77040,Boissise-le-Roi,3712,77,Petite population
77041,Boissy-aux-Cailles,278,77,Petite population
77042,Boissy-le-Châtel,3249,77,Petite population
77043,Boitron,334,77,Petite population
77044,Bombon,952,77,Petite population
77045,Bougligny,721,77,Petite population
77046,Boulancourt,329,77,Petite population
77047,Bouleurs,1698,77,Petite population
77048,Bourron-Marlotte,2768,77,Petite population
77049,Boutigny,837,77,Petite population
77050,Bransles,528,77,Petite population
77051,Bray-sur-Seine,2337,77,Petite population
77052,Bréau,361,77,Petite population
77053,Brie-Comte-Robert,19161,77,Population moyenne
77054,La Brosse-Montceaux,721,77,Petite population
77055,Brou-sur-Chantereine,4890,77,Petite population
77056,Burcy,147,77,Petite population
77057,Bussières,539,77,Petite population
77058,Bussy-Saint-Georges,26551,77,Population moyenne
77059,Bussy-Saint-Martin,676,77,Petite population
77060,Buthiers,730,77,Petite population
77061,Cannes-Écluse,2575,77,Petite population
77062,Carnetin,456,77,Petite population
77063,La Celle-sur-Morin,1251,77,Petite population
77065,Cély,1247,77,Petite population
77066,Cerneux,310,77,Petite population
77067,Cesson,10937,77,Population moyenne
77068,Cessoy-en-Montois,215,77,Petite population
77069,Chailly-en-Bière,2083,77,Petite population
77070,Chailly-en-Brie,1520,77,Petite population
77071,Chaintreaux,842,77,Petite population
77072,Chalautre-la-Grande,678,77,Petite population
77073,Chalautre-la-Petite,553,77,Petite population
77075,Chalifert,1384,77,Petite population
77076,Chalmaison,757,77,Petite population
77077,Chambry,1032,77,Petite population
77078,Chamigny,1365,77,Petite population
77079,Champagne-sur-Seine,6354,77,Petite population
77080,Champcenest,197,77,Petite population
77081,Champdeuil,731,77,Petite population
77082,Champeaux,812,77,Petite population
77083,Champs-sur-Marne,25230,77,Population moyenne
77084,Changis-sur-Marne,1372,77,Petite population
77085,Chanteloup-en-Brie,4017,77,Petite population
77086,La Chapelle-Gauthier,1428,77,Petite population
77087,La Chapelle-Iger,177,77,Petite population
77088,La Chapelle-la-Reine,2367,77,Petite population
77089,La Chapelle-Rablais,908,77,Petite population
77090,La Chapelle-Saint-Sulpice,240,77,Petite population
77091,Les Chapelles-Bourbon,494,77,Petite population
77093,La Chapelle-Moutils,434,77,Petite population
77094,Charmentray,300,77,Petite population
77095,Charny,1539,77,Petite population
77096,Chartrettes,2542,77,Petite population
77097,Chartronges,299,77,Petite population
77098,Châteaubleau,360,77,Petite population
77099,Château-Landon,3020,77,Petite population
77100,Le Châtelet-en-Brie,4282,77,Petite population
77101,Châtenay-sur-Seine,1060,77,Petite population
77102,Châtenoy,161,77,Petite population
77103,Châtillon-la-Borde,220,77,Petite population
77104,Châtres,704,77,Petite population
77106,Chauffry,1024,77,Petite population
77107,Chaumes-en-Brie,3387,77,Petite population
77108,Chelles,54372,77,Grande population
77109,Chenoise-Cucharmoy,1653,77,Petite population
77110,Chenou,305,77,Petite population
77111,Chessy,6724,77,Petite population
77112,Chevrainvilliers,255,77,Petite population
77113,Chevru,1068,77,Petite population
77114,Chevry-Cossigny,3920,77,Petite population
77115,Chevry-en-Sereine,511,77,Petite population
77116,Choisy-en-Brie,1314,77,Petite population
77117,Citry,958,77,Petite population
77118,Claye-Souilly,12316,77,Population moyenne
77119,Clos-Fontaine,244,77,Petite population
77120,Cocherel,631,77,Petite population
77121,Collégien,3339,77,Petite population
77122,Combs-la-Ville,21657,77,Population moyenne
77123,Compans,816,77,Petite population
77124,Conches-sur-Gondoire,1746,77,Petite population
77125,Condé-Sainte-Libiaire,1429,77,Petite population
77126,Congis-sur-Thérouanne,1769,77,Petite population
77127,Coubert,1885,77,Petite population
77128,Couilly-Pont-aux-Dames,2096,77,Petite population
77129,Coulombs-en-Valois,566,77,Petite population
77130,Coulommes,517,77,Petite population
77131,Coulommiers,14953,77,Population moyenne
77132,Coupvray,2867,77,Petite population
77133,Courcelles-en-Bassée,196,77,Petite population
77134,Courchamp,150,77,Petite population
77135,Courpalay,1272,77,Petite population
77136,Courquetaine,189,77,Petite population
77137,Courtacon,240,77,Petite population
77138,Courtomer,548,77,Petite population
77139,Courtry,6643,77,Petite population
77140,Coutençon,271,77,Petite population
77141,Coutevroult,1196,77,Petite population
77142,Crécy-la-Chapelle,4774,77,Petite population
77143,Crégy-lès-Meaux,5288,77,Petite population
77144,Crèvecœur-en-Brie,440,77,Petite population
77145,Crisenoy,616,77,Petite population
77146,Croissy-Beaubourg,2009,77,Petite population
77147,La Croix-en-Brie,664,77,Petite population
77148,Crouy-sur-Ourcq,1820,77,Petite population
77150,Cuisy,460,77,Petite population
77151,Dagny,270,77,Petite population
77152,Dammarie-les-Lys,22318,77,Population moyenne
77153,Dammartin-en-Goële,10830,77,Population moyenne
77154,Dammartin-sur-Tigeaux,1168,77,Petite population
77155,Dampmart,3517,77,Petite population
77156,Darvault,903,77,Petite population
77157,Dhuisy,317,77,Petite population
77158,Diant,199,77,Petite population
77159,Donnemarie-Dontilly,2760,77,Petite population
77161,Dormelles,797,77,Petite population
77162,Doue,1094,77,Petite population
77163,Douy-la-Ramée,374,77,Petite population
77164,Échouboulains,558,77,Petite population
77165,Les Écrennes,602,77,Petite population
77167,Égligny,320,77,Petite population
77168,Égreville,2151,77,Petite population
77169,Émerainville,7667,77,Petite population
77171,Esbly,6464,77,Petite population
77172,Esmans,891,77,Petite population
77173,Étrépilly,825,77,Petite population
77174,Everly,578,77,Petite population
77175,Évry-Grégy-sur-Yerre,3070,77,Petite population
77176,Faremoutiers,2991,77,Petite population
77177,Favières,1186,77,Petite population
77178,Faÿ-lès-Nemours,497,77,Petite population
77179,Féricy,601,77,Petite population
77180,Férolles-Attilly,1263,77,Petite population
77181,Ferrières-en-Brie,3796,77,Petite population
77182,La Ferté-Gaucher,4877,77,Petite population
77183,La Ferté-sous-Jouarre,9672,77,Petite population
77184,Flagy,610,77,Petite population
77185,Fleury-en-Bière,654,77,Petite population
77186,Fontainebleau,15903,77,Population moyenne
77187,Fontaine-Fourches,581,77,Petite population
77188,Fontaine-le-Port,992,77,Petite population
77190,Fontains,263,77,Petite population
77191,Fontenailles,1052,77,Petite population
77192,Fontenay-Trésigny,5756,77,Petite population
77193,Forfry,241,77,Petite population
77194,Forges,421,77,Petite population
77195,Fouju,583,77,Petite population
77196,Fresnes-sur-Marne,964,77,Petite population
77197,Frétoy,166,77,Petite population
77198,Fromont,241,77,Petite population
77199,Fublaines,1402,77,Petite population
77200,Garentreville,122,77,Petite population
77201,Gastins,688,77,Petite population
77202,La Genevraye,809,77,Petite population
77203,Germigny-l'Évêque,1336,77,Petite population
77204,Germigny-sous-Coulombs,209,77,Petite population
77205,Gesvres-le-Chapitre,147,77,Petite population
77206,Giremoutiers,183,77,Petite population
77207,Gironville,152,77,Petite population
77208,Gouaix,1361,77,Petite population
77209,Gouvernes,1188,77,Petite population
77210,La Grande-Paroisse,2886,77,Petite population
77211,Grandpuits-Bailly-Carrois,1015,77,Petite population
77212,Gravon,163,77,Petite population
77214,Gressy,807,77,Petite population
77215,Gretz-Armainvilliers,8459,77,Petite population
77216,Grez-sur-Loing,1421,77,Petite population
77217,Grisy-Suisnes,2521,77,Petite population
77218,Grisy-sur-Seine,107,77,Petite population
77219,Guérard,2641,77,Petite population
77220,Guercheville,265,77,Petite population
77221,Guermantes,1136,77,Petite population
77222,Guignes,4344,77,Petite population
77223,Gurcy-le-Châtel,564,77,Petite population
77224,Hautefeuille,253,77,Petite population
77225,La Haute-Maison,327,77,Petite population
77226,Héricy,2518,77,Petite population
77227,Hermé,615,77,Petite population
77228,Hondevilliers,257,77,Petite population
77229,La Houssaye-en-Brie,1646,77,Petite population
77230,Ichy,160,77,Petite population
77231,Isles-les-Meldeuses,819,77,Petite population
77232,Isles-lès-Villenoy,1145,77,Petite population
77233,Iverny,596,77,Petite population
77234,Jablines,702,77,Petite population
77235,Jaignes,317,77,Petite population
77236,Jaulnes,345,77,Petite population
77237,Jossigny,640,77,Petite population
77238,Jouarre,4345,77,Petite population
77239,Jouy-le-Châtel,1504,77,Petite population
77240,Jouy-sur-Morin,2212,77,Petite population
77241,Juilly,2018,77,Petite population
77242,Jutigny,532,77,Petite population
77243,Lagny-sur-Marne,21139,77,Population moyenne
77244,Larchant,697,77,Petite population
77245,Laval-en-Brie,403,77,Petite population
77246,Léchelle,583,77,Petite population
77247,Lescherolles,441,77,Petite population
77248,Lesches,776,77,Petite population
77249,Lésigny,7125,77,Petite population
77250,Leudon-en-Brie,163,77,Petite population
77251,Lieusaint,13804,77,Population moyenne
77252,Limoges-Fourches,564,77,Petite population
77253,Lissy,315,77,Petite population
77254,Liverdy-en-Brie,1295,77,Petite population
77255,Livry-sur-Seine,2207,77,Petite population
77256,Lizines,187,77,Petite population
77257,Lizy-sur-Ourcq,3529,77,Petite population
77258,Lognes,14388,77,Population moyenne
77259,Longperrier,2303,77,Petite population
77260,Longueville,1778,77,Petite population
77261,Lorrez-le-Bocage-Préaux,1208,77,Petite population
77262,Louan-Villegruis-Fontaine,497,77,Petite population
77263,Luisetaines,232,77,Petite population
77264,Lumigny-Nesles-Ormeaux,1512,77,Petite population
77265,Luzancy,1092,77,Petite population
77266,Machault,785,77,Petite population
77267,La Madeleine-sur-Loing,355,77,Petite population
77268,Magny-le-Hongre,9082,77,Petite population
77269,Maincy,1819,77,Petite population
77270,Maisoncelles-en-Brie,954,77,Petite population
77271,Maisoncelles-en-Gâtinais,137,77,Petite population
77272,Maison-Rouge,861,77,Petite population
77273,Marchémoret,594,77,Petite population
77274,Marcilly,449,77,Petite population
77275,Les Marêts,150,77,Petite population
77276,Mareuil-lès-Meaux,3306,77,Petite population
77277,Marles-en-Brie,1798,77,Petite population
77278,Marolles-en-Brie,415,77,Petite population
77279,Marolles-sur-Seine,1832,77,Petite population
77280,Mary-sur-Marne,1095,77,Petite population
77281,Mauperthuis,472,77,Petite population
77282,Mauregard,365,77,Petite population
77283,May-en-Multien,923,77,Petite population
77284,Meaux,55709,77,Grande population
77285,Le Mée-sur-Seine,20677,77,Population moyenne
77286,Meigneux,231,77,Petite population
77287,Meilleray,499,77,Petite population
77288,Melun,41609,77,Population moyenne
77289,Melz-sur-Seine,351,77,Petite population
77290,Méry-sur-Marne,684,77,Petite population
77291,Le Mesnil-Amelot,1041,77,Petite population
77292,Messy,1210,77,Petite population
77293,Misy-sur-Yonne,894,77,Petite population
77294,Mitry-Mory,20620,77,Population moyenne
77295,Moisenay,1379,77,Petite population
77296,Moissy-Cramayel,17982,77,Population moyenne
77297,Mondreville,327,77,Petite population
77298,Mons-en-Montois,445,77,Petite population
77300,Montceaux-lès-Meaux,601,77,Petite population
77301,Montceaux-lès-Provins,322,77,Petite population
77302,Montcourt-Fromonville,1943,77,Petite population
77303,Montdauphin,236,77,Petite population
77304,Montenils,25,77,Petite population
77305,Montereau-Fault-Yonne,21888,77,Population moyenne
77306,Montereau-sur-le-Jard,497,77,Petite population
77307,Montévrain,14017,77,Population moyenne
77308,Montgé-en-Goële,728,77,Petite population
77309,Monthyon,1751,77,Petite population
77310,Montigny-le-Guesdier,305,77,Petite population
77311,Montigny-Lencoup,1405,77,Petite population
77312,Montigny-sur-Loing,2640,77,Petite population
77313,Montmachoux,259,77,Petite population
77314,Montolivet,239,77,Petite population
77315,Montry,3740,77,Petite population
77316,Moret-Loing-et-Orvanne,12507,77,Population moyenne
77317,Mormant,5104,77,Petite population
77318,Mortcerf,1423,77,Petite population
77319,Mortery,142,77,Petite population
77320,Mouroux,5972,77,Petite population
77321,Mousseaux-lès-Bray,667,77,Petite population
77322,Moussy-le-Neuf,3212,77,Petite population
77323,Moussy-le-Vieux,1476,77,Petite population
77325,Mouy-sur-Seine,360,77,Petite population
77326,Nandy,6262,77,Petite population
77327,Nangis,8904,77,Petite population
77328,Nanteau-sur-Essonne,419,77,Petite population
77329,Nanteau-sur-Lunain,687,77,Petite population
77330,Nanteuil-lès-Meaux,6549,77,Petite population
77331,Nanteuil-sur-Marne,428,77,Petite population
77332,Nantouillet,293,77,Petite population
77333,Nemours,12966,77,Population moyenne
77335,Chauconin-Neufmontiers,3595,77,Petite population
77336,Neufmoutiers-en-Brie,1195,77,Petite population
77337,Noisiel,15750,77,Population moyenne
77338,Noisy-Rudignon,595,77,Petite population
77339,Noisy-sur-École,1829,77,Petite population
77340,Nonville,606,77,Petite population
77341,Noyen-sur-Seine,382,77,Petite population
77342,Obsonville,109,77,Petite population
77343,Ocquerre,386,77,Petite population
77344,Oissery,2448,77,Petite population
77345,Orly-sur-Morin,660,77,Petite population
77347,Les Ormes-sur-Voulzie,855,77,Petite population
77348,Ormesson,237,77,Petite population
77349,Othis,6737,77,Petite population
77350,Ozoir-la-Ferrière,20712,77,Population moyenne
77352,Ozouer-le-Voulgis,1951,77,Petite population
77353,Paley,444,77,Petite population
77354,Pamfou,951,77,Petite population
77355,Paroy,167,77,Petite population
77356,Passy-sur-Seine,45,77,Petite population
77357,Pécy,845,77,Petite population
77358,Penchard,1340,77,Petite population
77359,Perthes,2007,77,Petite population
77360,Pézarches,392,77,Petite population
77361,Pierre-Levée,461,77,Petite population
77363,Le Pin,1569,77,Petite population
77364,Le Plessis-aux-Bois,257,77,Petite population
77365,Le Plessis-Feu-Aussoux,624,77,Petite population
77366,Le Plessis-l'Évêque,289,77,Petite population
77367,Le Plessis-Placy,279,77,Petite population
77368,Poigny,508,77,Petite population
77369,Poincy,759,77,Petite population
77370,Poligny,783,77,Petite population
77371,Pommeuse,2990,77,Petite population
77372,Pomponne,4168,77,Petite population
77373,Pontault-Combault,37579,77,Population moyenne
77374,Pontcarré,2154,77,Petite population
77376,Précy-sur-Marne,797,77,Petite population
77377,Presles-en-Brie,2310,77,Petite population
77378,Pringy,3254,77,Petite population
77379,Provins,12115,77,Population moyenne
77380,Puisieux,321,77,Petite population
77381,Quiers,661,77,Petite population
77382,Quincy-Voisins,5443,77,Petite population
77383,Rampillon,828,77,Petite population
77384,Réau,1954,77,Petite population
77385,Rebais,2298,77,Petite population
77386,Recloses,607,77,Petite population
77387,Remauville,468,77,Petite population
77388,Reuil-en-Brie,822,77,Petite population
77389,La Rochette,3820,77,Petite population
77390,Roissy-en-Brie,22643,77,Population moyenne
77391,Rouilly,491,77,Petite population
77392,Rouvres,916,77,Petite population
77393,Rozay-en-Brie,2826,77,Petite population
77394,Rubelles,3095,77,Petite population
77395,Rumont,120,77,Petite population
77396,Rupéreux,100,77,Petite population
77397,Saâcy-sur-Marne,1859,77,Petite population
77398,Sablonnières,722,77,Petite population
77400,Saint-Augustin,1774,77,Petite population
77401,Sainte-Aulde,671,77,Petite population
77402,Saint-Barthélemy,339,77,Petite population
77403,Saint-Brice,808,77,Petite population
77404,Sainte-Colombe,1808,77,Petite population
77405,Saint-Cyr-sur-Morin,1955,77,Petite population
77406,Saint-Denis-lès-Rebais,1005,77,Petite population
77407,Saint-Fargeau-Ponthierry,14315,77,Population moyenne
77408,Saint-Fiacre,425,77,Petite population
77409,Saint-Germain-Laval,2769,77,Petite population
77410,Saint-Germain-Laxis,746,77,Petite population
77411,Saint-Germain-sous-Doue,560,77,Petite population
77412,Saint-Germain-sur-École,386,77,Petite population
77413,Saint-Germain-sur-Morin,3849,77,Petite population
77414,Saint-Hilliers,489,77,Petite population
77415,Saint-Jean-les-Deux-Jumeaux,1281,77,Petite population
77416,Saint-Just-en-Brie,247,77,Petite population
77417,Saint-Léger,254,77,Petite population
77418,Saint-Loup-de-Naud,871,77,Petite population
77419,Saint-Mammès,3404,77,Petite population
77420,Saint-Mard,3846,77,Petite population
77421,Saint-Mars-Vieux-Maisons,256,77,Petite population
77423,Saint-Martin-des-Champs,658,77,Petite population
77424,Saint-Martin-du-Boschet,274,77,Petite population
77425,Saint-Martin-en-Bière,730,77,Petite population
77426,Saint-Méry,332,77,Petite population
77427,Saint-Mesmes,608,77,Petite population
77428,Saint-Ouen-en-Brie,834,77,Petite population
77429,Saint-Ouen-sur-Morin,533,77,Petite population
77430,Saint-Pathus,6238,77,Petite population
77431,Saint-Pierre-lès-Nemours,5408,77,Petite population
77432,Saint-Rémy-la-Vanne,987,77,Petite population
77433,Beautheil-Saints,1992,77,Petite population
77434,Saint-Sauveur-lès-Bray,366,77,Petite population
77435,Saint-Sauveur-sur-École,1102,77,Petite population
77436,Saint-Siméon,905,77,Petite population
77437,Saint-Soupplets,3574,77,Petite population
77438,Saint-Thibault-des-Vignes,6304,77,Petite population
77439,Salins,1170,77,Petite population
77440,Sammeron,1138,77,Petite population
77441,Samois-sur-Seine,2024,77,Petite population
77442,Samoreau,2441,77,Petite population
77443,Sancy,390,77,Petite population
77444,Sancy-lès-Provins,324,77,Petite population
77445,Savigny-le-Temple,30169,77,Population moyenne
77446,Savins,598,77,Petite population
77447,Seine-Port,1835,77,Petite population
77448,Sept-Sorts,547,77,Petite population
77449,Serris,9699,77,Petite population
77450,Servon,3308,77,Petite population
77451,Signy-Signets,584,77,Petite population
77452,Sigy,66,77,Petite population
77453,Sivry-Courtry,1136,77,Petite population
77454,Sognolles-en-Montois,367,77,Petite population
77455,Soignolles-en-Brie,2038,77,Petite population
77456,Soisy-Bouy,823,77,Petite population
77457,Solers,1212,77,Petite population
77458,Souppes-sur-Loing,5253,77,Petite population
77459,Sourdun,1519,77,Petite population
77460,Tancrou,338,77,Petite population
77461,Thénisy,299,77,Petite population
77462,Thieux,893,77,Petite population
77463,Thomery,3419,77,Petite population
77464,Thorigny-sur-Marne,10427,77,Population moyenne
77465,Thoury-Férottes,646,77,Petite population
77466,Tigeaux,378,77,Petite population
77467,La Tombe,203,77,Petite population
77468,Torcy,22500,77,Population moyenne
77469,Touquin,1224,77,Petite population
77470,Tournan-en-Brie,8429,77,Petite population
77471,Tousson,349,77,Petite population
77472,La Trétoire,492,77,Petite population
77473,Treuzy-Levelay,404,77,Petite population
77474,Trilbardou,666,77,Petite population
77475,Trilport,5020,77,Petite population
77476,Trocy-en-Multien,230,77,Petite population
77477,Ury,855,77,Petite population
77478,Ussy-sur-Marne,1085,77,Petite population
77479,Vaires-sur-Marne,13340,77,Population moyenne
77480,Valence-en-Brie,1056,77,Petite population
77481,Vanvillé,188,77,Petite population
77482,Varennes-sur-Seine,3660,77,Petite population
77483,Varreddes,2077,77,Petite population
77484,Vaucourtois,284,77,Petite population
77485,Le Vaudoué,730,77,Petite population
77486,Vaudoy-en-Brie,893,77,Petite population
77487,Vaux-le-Pénil,11102,77,Population moyenne
77489,Vaux-sur-Lunain,237,77,Petite population
77490,Vendrest,689,77,Petite population
77492,Verdelot,641,77,Petite population
77493,Verneuil-l'Étang,3186,77,Petite population
77494,Vernou-la-Celle-sur-Seine,2630,77,Petite population
77495,Vert-Saint-Denis,8564,77,Petite population
77496,Vieux-Champagne,189,77,Petite population
77498,Vignely,313,77,Petite population
77500,Villebéon,463,77,Petite population
77501,Villecerf,720,77,Petite population
77504,Villemaréchal,1096,77,Petite population
77505,Villemareuil,381,77,Petite population
77506,Villemer,789,77,Petite population
77507,Villenauxe-la-Petite,424,77,Petite population
77508,Villeneuve-le-Comte,1862,77,Petite population
77509,Villeneuve-les-Bordes,615,77,Petite population
77510,Villeneuve-Saint-Denis,1193,77,Petite population
77511,Villeneuve-sous-Dammartin,645,77,Petite population
77512,Villeneuve-sur-Bellot,1128,77,Petite population
77513,Villenoy,4982,77,Petite population
77514,Villeparisis,26700,77,Population moyenne
77515,Villeroy,701,77,Petite population
77516,Ville-Saint-Jacques,845,77,Petite population
77517,Villevaudé,2135,77,Petite population
77518,Villiers-en-Bière,234,77,Petite population
77519,Villiers-Saint-Georges,1168,77,Petite population
77520,Villiers-sous-Grez,659,77,Petite population
77521,Villiers-sur-Morin,1928,77,Petite population
77522,Villiers-sur-Seine,297,77,Petite population
77523,Villuis,258,77,Petite population
77524,Vimpelles,522,77,Petite population
77525,Vinantes,382,77,Petite population
77526,Vincy-Manœuvre,276,77,Petite population
77527,Voinsles,583,77,Petite population
77528,Voisenon,1168,77,Petite population
77529,Voulangis,1490,77,Petite population
77530,Voulton,310,77,Petite population
77531,Voulx,1645,77,Petite population
77532,Vulaines-lès-Provins,65,77,Petite population
77533,Vulaines-sur-Seine,2743,77,Petite population
77534,Yèbles,949,77,Petite population
78003,Ablis,3509,78,Petite population
78005,Achères,21660,78,Population moyenne
78006,Adainville,654,78,Petite population
78007,Aigremont,1085,78,Petite population
78009,Allainville,286,78,Petite population
78010,Les Alluets-le-Roi,1215,78,Petite population
78013,Andelu,482,78,Petite population
78015,Andrésy,13236,78,Population moyenne
78020,Arnouville-lès-Mantes,940,78,Petite population
78029,Aubergenville,12082,78,Population moyenne
78030,Auffargis,1970,78,Petite population
78031,Auffreville-Brasseuil,650,78,Petite population
78033,Aulnay-sur-Mauldre,1143,78,Petite population
78034,Auteuil,976,78,Petite population
78036,Autouillet,612,78,Petite population
78043,Bailly,3692,78,Petite population
78048,Bazainville,1460,78,Petite population
78049,Bazemont,1682,78,Petite population
78050,Bazoches-sur-Guyonne,650,78,Petite population
78053,Béhoust,488,78,Petite population
78057,Bennecourt,1882,78,Petite population
78062,Beynes,7585,78,Petite population
78068,Blaru,892,78,Petite population
78070,Boinville-en-Mantois,287,78,Petite population
78071,Boinville-le-Gaillard,607,78,Petite population
78072,Boinvilliers,250,78,Petite population
78073,Bois-d'Arcy,15028,78,Population moyenne
78076,Boissets,280,78,Petite population
78077,La Boissière-École,756,78,Petite population
78082,Boissy-Mauvoisin,625,78,Petite population
78084,Boissy-sans-Avoir,640,78,Petite population
78087,Bonnelles,2095,78,Petite population
78089,Bonnières-sur-Seine,4882,78,Petite population
78090,Bouafle,2204,78,Petite population
78092,Bougival,8983,78,Petite population
78096,Bourdonné,502,78,Petite population
78104,Breuil-Bois-Robert,754,78,Petite population
78107,Bréval,1901,78,Petite population
78108,Les Bréviaires,1305,78,Petite population
78113,Brueil-en-Vexin,698,78,Petite population
78117,Buc,5972,78,Petite population
78118,Buchelay,3315,78,Petite population
78120,Bullion,1915,78,Petite population
78123,Carrières-sous-Poissy,17417,78,Population moyenne
78124,Carrières-sur-Seine,15115,78,Population moyenne
78125,La Celle-les-Bordes,831,78,Petite population
78126,La Celle-Saint-Cloud,20496,78,Population moyenne
78128,Cernay-la-Ville,1546,78,Petite population
78133,Chambourcy,5646,78,Petite population
78138,Chanteloup-les-Vignes,10730,78,Population moyenne
78140,Chapet,1336,78,Petite population
78143,Châteaufort,1467,78,Petite population
78146,Chatou,29709,78,Population moyenne
78147,Chaufour-lès-Bonnières,478,78,Petite population
78152,Chavenay,1743,78,Petite population
78158,Le Chesnay-Rocquencourt,31057,78,Population moyenne
78160,Chevreuse,5572,78,Petite population
78162,Choisel,540,78,Petite population
78163,Civry-la-Forêt,344,78,Petite population
78164,Clairefontaine-en-Yvelines,829,78,Petite population
78165,Les Clayes-sous-Bois,17378,78,Population moyenne
78168,Coignières,4375,78,Petite population
78171,Condé-sur-Vesgre,1255,78,Petite population
78172,Conflans-Sainte-Honorine,35957,78,Population moyenne
78185,Courgent,366,78,Petite population
78188,Cravent,410,78,Petite population
78189,Crespières,1700,78,Petite population
78190,Croissy-sur-Seine,10324,78,Population moyenne
78192,Dammartin-en-Serve,1381,78,Petite population
78193,Dampierre-en-Yvelines,1012,78,Petite population
78194,Dannemarie,217,78,Petite population
78196,Davron,286,78,Petite population
78202,Drocourt,561,78,Petite population
78206,Ecquevilly,4124,78,Petite population
78208,Élancourt,25857,78,Population moyenne
78209,Émancé,890,78,Petite population
78217,Épône,6625,78,Petite population
78220,Les Essarts-le-Roi,6737,78,Petite population
78224,L'Étang-la-Ville,4430,78,Petite population
78227,Évecquemont,782,78,Petite population
78230,La Falaise,617,78,Petite population
78231,Favrieux,154,78,Petite population
78233,Feucherolles,3001,78,Petite population
78234,Flacourt,186,78,Petite population
78236,Flexanville,579,78,Petite population
78237,Flins-Neuve-Église,155,78,Petite population
78238,Flins-sur-Seine,2439,78,Petite population
78239,Follainville-Dennemont,2167,78,Petite population
78242,Fontenay-le-Fleury,13518,78,Population moyenne
78245,Fontenay-Mauvoisin,401,78,Petite population
78246,Fontenay-Saint-Père,950,78,Petite population
78255,Freneuse,4262,78,Petite population
78261,Gaillon-sur-Montcient,670,78,Petite population
78262,Galluis,1246,78,Petite population
78263,Gambais,2469,78,Petite population
78264,Gambaiseuil,60,78,Petite population
78265,Garancières,2447,78,Petite population
78267,Gargenville,7878,78,Petite population
78269,Gazeran,1295,78,Petite population
78276,Gommecourt,656,78,Petite population
78278,Goupillières,530,78,Petite population
78281,Goussonville,628,78,Petite population
78283,Grandchamp,293,78,Petite population
78285,Gressey,542,78,Petite population
78289,Grosrouvre,892,78,Petite population
78290,Guernes,1075,78,Petite population
78291,Guerville,2157,78,Petite population
78296,Guitrancourt,626,78,Petite population
78297,Guyancourt,29269,78,Population moyenne
78299,Hardricourt,2488,78,Petite population
78300,Hargeville,444,78,Petite population
78302,La Hauteville,164,78,Petite population
78305,Herbeville,242,78,Petite population
78307,Hermeray,942,78,Petite population
78310,Houdan,3690,78,Petite population
78311,Houilles,33250,78,Population moyenne
78314,Issou,3913,78,Petite population
78317,Jambville,787,78,Petite population
78320,Notre-Dame-de-la-Mer,704,78,Petite population
78321,Jouars-Pontchartrain,5803,78,Petite population
78322,Jouy-en-Josas,7983,78,Petite population
78324,Jouy-Mauvoisin,559,78,Petite population
78325,Jumeauville,607,78,Petite population
78327,Juziers,3912,78,Petite population
78329,Lainville-en-Vexin,786,78,Petite population
78334,Lévis-Saint-Nom,1604,78,Petite population
78335,Limay,17112,78,Population moyenne
78337,Limetz-Villez,1972,78,Petite population
78343,Les Loges-en-Josas,1661,78,Petite population
78344,Lommoye,652,78,Petite population
78346,Longnes,1529,78,Petite population
78349,Longvilliers,505,78,Petite population
78350,Louveciennes,7342,78,Petite population
78354,Magnanville,6138,78,Petite population
78356,Magny-les-Hameaux,9417,78,Petite population
78358,Maisons-Laffitte,23204,78,Population moyenne
78361,Mantes-la-Jolie,43945,78,Population moyenne
78362,Mantes-la-Ville,20844,78,Population moyenne
78364,Marcq,768,78,Petite population
78366,Mareil-le-Guyon,397,78,Petite population
78367,Mareil-Marly,3669,78,Petite population
78368,Mareil-sur-Mauldre,1705,78,Petite population
78372,Marly-le-Roi,16352,78,Population moyenne
78380,Maule,5949,78,Petite population
78381,Maulette,1033,78,Petite population
78382,Maurecourt,4384,78,Petite population
78383,Maurepas,18046,78,Population moyenne
78384,Médan,1332,78,Petite population
78385,Ménerville,214,78,Petite population
78389,Méré,1658,78,Petite population
78391,Méricourt,380,78,Petite population
78396,Le Mesnil-le-Roi,6304,78,Petite population
78397,Le Mesnil-Saint-Denis,6831,78,Petite population
78398,Les Mesnuls,876,78,Petite population
78401,Meulan-en-Yvelines,9080,78,Petite population
78402,Mézières-sur-Seine,3776,78,Petite population
78403,Mézy-sur-Seine,2292,78,Petite population
78404,Millemont,280,78,Petite population
78406,Milon-la-Chapelle,283,78,Petite population
78407,Mittainville,632,78,Petite population
78410,Moisson,959,78,Petite population
78413,Mondreville,407,78,Petite population
78415,Montainville,502,78,Petite population
78416,Montalet-le-Bois,318,78,Petite population
78417,Montchauvet,306,78,Petite population
78418,Montesson,14811,78,Population moyenne
78420,Montfort-l'Amaury,2903,78,Petite population
78423,Montigny-le-Bretonneux,31854,78,Population moyenne
78431,Morainvilliers,3069,78,Petite population
78437,Mousseaux-sur-Seine,677,78,Petite population
78439,Mulcent,108,78,Petite population
78440,Les Mureaux,33543,78,Population moyenne
78442,Neauphle-le-Château,3384,78,Petite population
78443,Neauphle-le-Vieux,910,78,Petite population
78444,Neauphlette,839,78,Petite population
78451,Nézel,1054,78,Petite population
78455,Noisy-le-Roi,7692,78,Petite population
78460,Oinville-sur-Montcient,1078,78,Petite population
78464,Orcemont,1007,78,Petite population
78465,Orgerus,2467,78,Petite population
78466,Orgeval,6849,78,Petite population
78470,Orphin,882,78,Petite population
78472,Orsonville,328,78,Petite population
78474,Orvilliers,938,78,Petite population
78475,Osmoy,400,78,Petite population
78478,Paray-Douaville,224,78,Petite population
78481,Le Pecq,15792,78,Population moyenne
78484,Perdreauville,652,78,Petite population
78486,Le Perray-en-Yvelines,6571,78,Petite population
78490,Plaisir,30897,78,Population moyenne
78497,Poigny-la-Forêt,909,78,Petite population
78498,Poissy,39731,78,Population moyenne
78499,Ponthévrard,685,78,Petite population
78501,Porcheville,3155,78,Petite population
78502,Le Port-Marly,5454,78,Petite population
78505,Prunay-le-Temple,412,78,Petite population
78506,Prunay-en-Yvelines,861,78,Petite population
78513,La Queue-les-Yvelines,2346,78,Petite population
78516,Raizeux,991,78,Petite population
78517,Rambouillet,27043,78,Population moyenne
78518,Rennemoulin,112,78,Petite population
78520,Richebourg,1565,78,Petite population
78522,Rochefort-en-Yvelines,894,78,Petite population
78528,Rolleboise,367,78,Petite population
78530,Rosay,377,78,Petite population
78531,Rosny-sur-Seine,6906,78,Petite population
78536,Sailly,348,78,Petite population
78537,Saint-Arnoult-en-Yvelines,5791,78,Petite population
78545,Saint-Cyr-l'École,20611,78,Population moyenne
78548,Saint-Forget,450,78,Petite population
78550,Saint-Germain-de-la-Grange,1847,78,Petite population
78551,Saint-Germain-en-Laye,44410,78,Population moyenne
78557,Saint-Hilarion,966,78,Petite population
78558,Saint-Illiers-la-Ville,378,78,Petite population
78559,Saint-Illiers-le-Bois,425,78,Petite population
78561,Saint-Lambert,444,78,Petite population
78562,Saint-Léger-en-Yvelines,1402,78,Petite population
78564,Saint-Martin-de-Bréthencourt,680,78,Petite population
78565,Saint-Martin-des-Champs,303,78,Petite population
78567,Saint-Martin-la-Garenne,929,78,Petite population
78569,Sainte-Mesme,912,78,Petite population
78571,Saint-Nom-la-Bretèche,4892,78,Petite population
78575,Saint-Rémy-lès-Chevreuse,7750,78,Petite population
78576,Saint-Rémy-l'Honoré,1647,78,Petite population
78586,Sartrouville,51746,78,Grande population
78588,Saulx-Marchais,961,78,Petite population
78590,Senlisse,503,78,Petite population
78591,Septeuil,2310,78,Petite population
78597,Soindres,698,78,Petite population
78601,Sonchamp,1580,78,Petite population
78605,Tacoignières,1092,78,Petite population
78606,Le Tartre-Gaudran,36,78,Petite population
78608,Le Tertre-Saint-Denis,121,78,Petite population
78609,Tessancourt-sur-Aubette,1024,78,Petite population
78615,Thiverval-Grignon,1198,78,Petite population
78616,Thoiry,1428,78,Petite population
78618,Tilly,509,78,Petite population
78620,Toussus-le-Noble,1164,78,Petite population
78621,Trappes,33419,78,Population moyenne
78623,Le Tremblay-sur-Mauldre,956,78,Petite population
78624,Triel-sur-Seine,12360,78,Population moyenne
78638,Vaux-sur-Seine,5020,78,Petite population
78640,Vélizy-Villacoublay,22836,78,Population moyenne
78642,Verneuil-sur-Seine,15959,78,Population moyenne
78643,Vernouillet,10266,78,Population moyenne
78644,La Verrière,6222,78,Petite population
78646,Versailles,83583,78,Grande population
78647,Vert,851,78,Petite population
78650,Le Vésinet,15619,78,Population moyenne
78653,Vicq,366,78,Petite population
78655,Vieille-Église-en-Yvelines,622,78,Petite population
78668,La Villeneuve-en-Chevrie,658,78,Petite population
78672,Villennes-sur-Seine,5476,78,Petite population
78674,Villepreux,11044,78,Population moyenne
78677,Villette,526,78,Petite population
78681,Villiers-le-Mahieu,840,78,Petite population
78683,Villiers-Saint-Frédéric,2895,78,Petite population
78686,Viroflay,16744,78,Population moyenne
78688,Voisins-le-Bretonneux,10722,78,Population moyenne
91001,Abbéville-la-Rivière,328,91,Petite population
91016,Angerville,4374,91,Petite population
91017,Angervilliers,1725,91,Petite population
91021,Arpajon,11165,91,Population moyenne
91022,Arrancourt,126,91,Petite population
91027,Athis-Mons,35641,91,Population moyenne
91035,Authon-la-Plaine,373,91,Petite population
91037,Auvernaux,325,91,Petite population
91038,Auvers-Saint-Georges,1272,91,Petite population
91041,Avrainville,1017,91,Petite population
91044,Ballainvilliers,4666,91,Petite population
91045,Ballancourt-sur-Essonne,7706,91,Petite population
91047,Baulne,1363,91,Petite population
91064,Bièvres,4796,91,Petite population
91067,Blandy,115,91,Petite population
91069,Boigneville,390,91,Petite population
91075,Bois-Herpin,81,91,Petite population
91079,Boissy-la-Rivière,500,91,Petite population
91080,Boissy-le-Cutté,1367,91,Petite population
91081,Boissy-le-Sec,692,91,Petite population
91085,Boissy-sous-Saint-Yon,3806,91,Petite population
91086,Bondoufle,10326,91,Population moyenne
91093,Boullay-les-Troux,647,91,Petite population
91095,Bouray-sur-Juine,2095,91,Petite population
91097,Boussy-Saint-Antoine,7980,91,Petite population
91098,Boutervilliers,430,91,Petite population
91099,Boutigny-sur-Essonne,2952,91,Petite population
91100,Bouville,650,91,Petite population
91103,Brétigny-sur-Orge,27006,91,Population moyenne
91105,Breuillet,8759,91,Petite population
91106,Breux-Jouy,1280,91,Petite population
91109,Brières-les-Scellés,1282,91,Petite population
91111,Briis-sous-Forges,3394,91,Petite population
91112,Brouy,125,91,Petite population
91114,Brunoy,25344,91,Population moyenne
91115,Bruyères-le-Châtel,3594,91,Petite population
91121,Buno-Bonnevaux,464,91,Petite population
91122,Bures-sur-Yvette,9240,91,Petite population
91129,Cerny,3346,91,Petite population
91130,Chalo-Saint-Mars,1020,91,Petite population
91131,Chalou-Moulineux,390,91,Petite population
91132,Chamarande,1134,91,Petite population
91135,Champcueil,2880,91,Petite population
91136,Champlan,2771,91,Petite population
91137,Champmotteux,367,91,Petite population
91145,Chatignonville,72,91,Petite population
91148,Chauffour-lès-Étréchy,140,91,Petite population
91156,Cheptainville,2227,91,Petite population
91159,Chevannes,1569,91,Petite population
91161,Chilly-Mazarin,19943,91,Population moyenne
91174,Corbeil-Essonnes,52340,91,Grande population
91175,Corbreuse,1712,91,Petite population
91179,Le Coudray-Montceaux,4828,91,Petite population
91180,Courances,332,91,Petite population
91184,Courdimanche-sur-Essonne,277,91,Petite population
91186,Courson-Monteloup,583,91,Petite population
91191,Crosne,9458,91,Petite population
91195,Dannemois,833,91,Petite population
91198,D'Huison-Longueville,1509,91,Petite population
91200,Dourdan,10733,91,Population moyenne
91201,Draveil,28595,91,Population moyenne
91204,Écharcon,768,91,Petite population
91207,Égly,6539,91,Petite population
91215,Épinay-sous-Sénart,12197,91,Population moyenne
91216,Épinay-sur-Orge,11102,91,Population moyenne
91223,Étampes,26251,91,Population moyenne
91225,Étiolles,3114,91,Petite population
91226,Étréchy,6806,91,Petite population
91228,Évry-Courcouronnes,66106,91,Grande population
91232,La Ferté-Alais,3656,91,Petite population
91235,Fleury-Mérogis,13708,91,Population moyenne
91240,Fontaine-la-Rivière,179,91,Petite population
91243,Fontenay-lès-Briis,2281,91,Petite population
91244,Fontenay-le-Vicomte,1565,91,Petite population
91247,La Forêt-le-Roi,510,91,Petite population
91248,La Forêt-Sainte-Croix,163,91,Petite population
91249,Forges-les-Bains,3973,91,Petite population
91272,Gif-sur-Yvette,21439,91,Population moyenne
91273,Gironville-sur-Essonne,763,91,Petite population
91274,Gometz-la-Ville,1511,91,Petite population
91275,Gometz-le-Châtel,2618,91,Petite population
91284,Les Granges-le-Roi,1184,91,Petite population
91286,Grigny,27571,91,Population moyenne
91292,Guibeville,871,91,Petite population
91293,Guigneville-sur-Essonne,893,91,Petite population
91294,Guillerval,813,91,Petite population
91312,Igny,10157,91,Population moyenne
91315,Itteville,6638,91,Petite population
91318,Janville-sur-Juine,1964,91,Petite population
91319,Janvry,638,91,Petite population
91326,Juvisy-sur-Orge,17656,91,Population moyenne
91330,Lardy,5462,91,Petite population
91332,Leudeville,1557,91,Petite population
91333,Leuville-sur-Orge,4350,91,Petite population
91338,Limours,6460,91,Petite population
91339,Linas,6864,91,Petite population
91340,Lisses,7302,91,Petite population
91345,Longjumeau,21105,91,Population moyenne
91347,Longpont-sur-Orge,6378,91,Petite population
91359,Maisse,2809,91,Petite population
91363,Marcoussis,8262,91,Petite population
91374,Marolles-en-Beauce,239,91,Petite population
91376,Marolles-en-Hurepoix,5607,91,Petite population
91377,Massy,50506,91,Grande population
91378,Mauchamps,331,91,Petite population
91386,Mennecy,15669,91,Population moyenne
91390,Le Mérévillois,3307,91,Petite population
91393,Mérobert,630,91,Petite population
91399,Mespuits,214,91,Petite population
91405,Milly-la-Forêt,4620,91,Petite population
91408,Moigny-sur-École,1252,91,Petite population
91411,Les Molières,1856,91,Petite population
91412,Mondeville,733,91,Petite population
91414,Monnerville,378,91,Petite population
91421,Montgeron,23943,91,Population moyenne
91425,Montlhéry,8561,91,Petite population
91432,Morangis,13131,91,Population moyenne
91433,Morigny-Champigny,4376,91,Petite population
91434,Morsang-sur-Orge,20149,91,Population moyenne
91435,Morsang-sur-Seine,561,91,Petite population
91441,Nainville-les-Roches,517,91,Petite population
91457,La Norville,4316,91,Petite population
91458,Nozay,4490,91,Petite population
91461,Ollainville,4803,91,Petite population
91463,Oncy-sur-École,1040,91,Petite population
91468,Ormoy,2200,91,Petite population
91469,Ormoy-la-Rivière,909,91,Petite population
91471,Orsay,15554,91,Population moyenne
91473,Orveau,155,91,Petite population
91477,Palaiseau,34750,91,Population moyenne
91479,Paray-Vieille-Poste,7823,91,Petite population
91482,Pecqueuse,547,91,Petite population
91494,Le Plessis-Pâté,4114,91,Petite population
91495,Plessis-Saint-Benoist,331,91,Petite population
91507,Prunay-sur-Essonne,287,91,Petite population
91508,Puiselet-le-Marais,259,91,Petite population
91511,Pussay,2120,91,Petite population
91514,Quincy-sous-Sénart,9463,91,Petite population
91519,Richarville,391,91,Petite population
91521,Ris-Orangis,29643,91,Population moyenne
91525,Roinville,1313,91,Petite population
91526,Roinvilliers,106,91,Petite population
91533,Saclas,1854,91,Petite population
91534,Saclay,4261,91,Petite population
91538,Saint-Aubin,691,91,Petite population
91540,Saint-Chéron,5264,91,Petite population
91544,Saint-Cyr-la-Rivière,506,91,Petite population
91546,Saint-Cyr-sous-Dourdan,941,91,Petite population
91547,Saint-Escobille,478,91,Petite population
91549,Sainte-Geneviève-des-Bois,35879,91,Population moyenne
91552,Saint-Germain-lès-Arpajon,11068,91,Population moyenne
91553,Saint-Germain-lès-Corbeil,7474,91,Petite population
91556,Saint-Hilaire,408,91,Petite population
91560,Saint-Jean-de-Beauregard,482,91,Petite population
91568,Saint-Maurice-Montcouronne,1540,91,Petite population
91570,Saint-Michel-sur-Orge,21298,91,Population moyenne
91573,Saint-Pierre-du-Perray,11514,91,Population moyenne
91577,Saintry-sur-Seine,5835,91,Petite population
91578,Saint-Sulpice-de-Favières,268,91,Petite population
91579,Saint-Vrain,3029,91,Petite population
91581,Saint-Yon,907,91,Petite population
91587,Saulx-les-Chartreux,6593,91,Petite population
91589,Savigny-sur-Orge,37190,91,Population moyenne
91593,Sermaise,1605,91,Petite population
91599,Soisy-sur-École,1245,91,Petite population
91600,Soisy-sur-Seine,7218,91,Petite population
91602,Souzy-la-Briche,445,91,Petite population
91613,Congerville-Thionville,215,91,Petite population
91617,Tigery,4380,91,Petite population
91619,Torfou,273,91,Petite population
91629,Valpuiseaux,620,91,Petite population
91630,Le Val-Saint-Germain,1498,91,Petite population
91631,Varennes-Jarcy,2302,91,Petite population
91634,Vaugrigneuse,1389,91,Petite population
91635,Vauhallan,2054,91,Petite population
91639,Vayres-sur-Essonne,962,91,Petite population
91645,Verrières-le-Buisson,14602,91,Population moyenne
91648,Vert-le-Grand,2260,91,Petite population
91649,Vert-le-Petit,2782,91,Petite population
91654,Videlles,590,91,Petite population
91657,Vigneux-sur-Seine,31495,91,Population moyenne
91659,Villabé,5469,91,Petite population
91661,Villebon-sur-Yvette,10406,91,Population moyenne
91662,Villeconin,747,91,Petite population
91665,La Ville-du-Bois,8021,91,Petite population
91666,Villejust,2446,91,Petite population
91667,Villemoisson-sur-Orge,7014,91,Petite population
91671,Villeneuve-sur-Auvers,598,91,Petite population
91679,Villiers-le-Bâcle,1155,91,Petite population
91685,Villiers-sur-Orge,4592,91,Petite population
91687,Viry-Châtillon,31098,91,Population moyenne
91689,Wissous,7063,91,Petite population
91691,Yerres,29097,91,Population moyenne
91692,Les Ulis,25165,91,Population moyenne
92002,Antony,62906,92,Grande population
92004,Asnières-sur-Seine,88004,92,Grande population
92007,Bagneux,41967,92,Population moyenne
92009,Bois-Colombes,29555,92,Population moyenne
92012,Boulogne-Billancourt,120911,92,Grande population
92014,Bourg-la-Reine,20974,92,Population moyenne
92019,Châtenay-Malabry,34383,92,Population moyenne
92020,Châtillon,36392,92,Population moyenne
92022,Chaville,20524,92,Population moyenne
92023,Clamart,53179,92,Grande population
92024,Clichy,62933,92,Grande population
92025,Colombes,86775,92,Grande population
92026,Courbevoie,82074,92,Grande population
92032,Fontenay-aux-Roses,25174,92,Population moyenne
92033,Garches,17557,92,Population moyenne
92035,La Garenne-Colombes,29624,92,Population moyenne
92036,Gennevilliers,49880,92,Population moyenne
92040,Issy-les-Moulineaux,67937,92,Grande population
92044,Levallois-Perret,67258,92,Grande population
92046,Malakoff,31230,92,Population moyenne
92047,Marnes-la-Coquette,1756,92,Petite population
92048,Meudon,45825,92,Population moyenne
92049,Montrouge,47907,92,Population moyenne
92050,Nanterre,95782,92,Grande population
92051,Neuilly-sur-Seine,59388,92,Grande population
92060,Le Plessis-Robinson,29562,92,Population moyenne
92062,Puteaux,44009,92,Population moyenne
92063,Rueil-Malmaison,78265,92,Grande population
92064,Saint-Cloud,29560,92,Population moyenne
92071,Sceaux,20359,92,Population moyenne
92072,Sèvres,23108,92,Population moyenne
92073,Suresnes,49482,92,Population moyenne
92075,Vanves,27871,92,Population moyenne
92076,Vaucresson,8627,92,Petite population
92077,Ville-d'Avray,10883,92,Population moyenne
92078,Villeneuve-la-Garenne,24592,92,Population moyenne
93001,Aubervilliers,89401,93,Grande population
93005,Aulnay-sous-Bois,86485,93,Grande population
93006,Bagnolet,38470,93,Population moyenne
93007,Le Blanc-Mesnil,57989,93,Grande population
93008,Bobigny,54906,93,Grande population
93010,Bondy,53342,93,Grande population
93013,Le Bourget,15660,93,Population moyenne
93014,Clichy-sous-Bois,29568,93,Population moyenne
93015,Coubron,4975,93,Petite population
93027,La Courneuve,46828,93,Population moyenne
93029,Drancy,71276,93,Grande population
93030,Dugny,11200,93,Population moyenne
93031,Épinay-sur-Seine,54419,93,Grande population
93032,Gagny,39588,93,Population moyenne
93033,Gournay-sur-Marne,6814,93,Petite population
93039,L'Île-Saint-Denis,8646,93,Petite population
93045,Les Lilas,23276,93,Population moyenne
93046,Livry-Gargan,45618,93,Population moyenne
93047,Montfermeil,28006,93,Population moyenne
93048,Montreuil,111367,93,Grande population
93049,Neuilly-Plaisance,20934,93,Population moyenne
93050,Neuilly-sur-Marne,36535,93,Population moyenne
93051,Noisy-le-Grand,68930,93,Grande population
93053,Noisy-le-Sec,45043,93,Population moyenne
93055,Pantin,60419,93,Grande population
93057,Les Pavillons-sous-Bois,23904,93,Population moyenne
93059,Pierrefitte-sur-Seine,31344,93,Population moyenne
93061,Le Pré-Saint-Gervais,17290,93,Population moyenne
93062,Le Raincy,14753,93,Population moyenne
93063,Romainville,31469,93,Population moyenne
93064,Rosny-sous-Bois,45442,93,Population moyenne
93066,Saint-Denis,113116,93,Grande population
93070,Saint-Ouen-sur-Seine,51547,93,Grande population
93071,Sevran,51778,93,Grande population
93072,Stains,39193,93,Population moyenne
93073,Tremblay-en-France,36477,93,Population moyenne
93074,Vaujours,7194,93,Petite population
93077,Villemomble,30583,93,Population moyenne
93078,Villepinte,38204,93,Population moyenne
93079,Villetaneuse,13433,93,Population moyenne
94001,Ablon-sur-Seine,5906,94,Petite population
94002,Alfortville,45151,94,Population moyenne
94003,Arcueil,21840,94,Population moyenne
94004,Boissy-Saint-Léger,17286,94,Population moyenne
94011,Bonneuil-sur-Marne,18424,94,Population moyenne
94015,Bry-sur-Marne,17592,94,Population moyenne
94016,Cachan,30214,94,Population moyenne
94017,Champigny-sur-Marne,77439,94,Grande population
94018,Charenton-le-Pont,29632,94,Population moyenne
94019,Chennevières-sur-Marne,18011,94,Population moyenne
94021,Chevilly-Larue,20372,94,Population moyenne
94022,Choisy-le-Roi,46229,94,Population moyenne
94028,Créteil,92566,94,Grande population
94033,Fontenay-sous-Bois,51386,94,Grande population
94034,Fresnes,28556,94,Population moyenne
94037,Gentilly,18813,94,Population moyenne
94038,L'Haÿ-les-Roses,31647,94,Population moyenne
94041,Ivry-sur-Seine,64016,94,Grande population
94042,Joinville-le-Pont,19128,94,Population moyenne
94043,Le Kremlin-Bicêtre,24513,94,Population moyenne
94044,Limeil-Brévannes,28290,94,Population moyenne
94046,Maisons-Alfort,57639,94,Grande population
94047,Mandres-les-Roses,4788,94,Petite population
94048,Marolles-en-Brie,4737,94,Petite population
94052,Nogent-sur-Marne,33578,94,Population moyenne
94053,Noiseau,4602,94,Petite population
94054,Orly,24361,94,Population moyenne
94055,Ormesson-sur-Marne,10528,94,Population moyenne
94056,Périgny,2707,94,Petite population
94058,Le Perreux-sur-Marne,33697,94,Population moyenne
94059,Le Plessis-Trévise,19651,94,Population moyenne
94060,La Queue-en-Brie,12148,94,Population moyenne
94065,Rungis,5625,94,Petite population
94067,Saint-Mandé,21991,94,Population moyenne
94068,Saint-Maur-des-Fossés,74520,94,Grande population
94069,Saint-Maurice,14560,94,Population moyenne
94070,Santeny,3994,94,Petite population
94071,Sucy-en-Brie,27040,94,Population moyenne
94073,Thiais,30788,94,Population moyenne
94074,Valenton,14538,94,Population moyenne
94075,Villecresnes,11846,94,Population moyenne
94076,Villejuif,56349,94,Grande population
94077,Villeneuve-le-Roi,21411,94,Population moyenne
94078,Villeneuve-Saint-Georges,34845,94,Population moyenne
94079,Villiers-sur-Marne,29672,94,Population moyenne
94080,Vincennes,49697,94,Population moyenne
94081,Vitry-sur-Seine,95649,94,Grande population
95002,Ableiges,1105,95,Petite population
95008,Aincourt,879,95,Petite population
95011,Ambleville,394,95,Petite population
95012,Amenucourt,206,95,Petite population
95014,Andilly,2703,95,Petite population
95018,Argenteuil,108567,95,Grande population
95019,Arnouville,14364,95,Population moyenne
95023,Arronville,630,95,Petite population
95024,Arthies,271,95,Petite population
95026,Asnières-sur-Oise,3083,95,Petite population
95028,Attainville,1695,95,Petite population
95039,Auvers-sur-Oise,6792,95,Petite population
95040,Avernes,860,95,Petite population
95042,Baillet-en-France,1893,95,Petite population
95046,Banthelu,149,95,Petite population
95051,Beauchamp,8900,95,Petite population
95052,Beaumont-sur-Oise,9572,95,Petite population
95054,Le Bellay-en-Vexin,214,95,Petite population
95055,Bellefontaine,473,95,Petite population
95056,Belloy-en-France,2217,95,Petite population
95058,Bernes-sur-Oise,2743,95,Petite population
95059,Berville,362,95,Petite population
95060,Bessancourt,7876,95,Petite population
95061,Béthemont-la-Forêt,409,95,Petite population
95063,Bezons,31866,95,Population moyenne
95074,Boisemont,855,95,Petite population
95078,Boissy-l'Aillerie,1934,95,Petite population
95088,Bonneuil-en-France,1158,95,Petite population
95091,Bouffémont,6596,95,Petite population
95094,Bouqueval,303,95,Petite population
95101,Bray-et-Lû,966,95,Petite population
95102,Bréançon,420,95,Petite population
95110,Brignancourt,221,95,Petite population
95116,Bruyères-sur-Oise,4367,95,Petite population
95119,Buhy,320,95,Petite population
95120,Butry-sur-Oise,2266,95,Petite population
95127,Cergy,67790,95,Grande population
95134,Champagne-sur-Oise,5019,95,Petite population
95139,La Chapelle-en-Vexin,322,95,Petite population
95141,Charmont,36,95,Petite population
95142,Chars,2042,95,Petite population
95144,Châtenay-en-France,77,95,Petite population
95149,Chaumontel,3230,95,Petite population
95150,Chaussy,599,95,Petite population
95151,Chauvry,297,95,Petite population
95154,Chennevières-lès-Louvres,308,95,Petite population
95157,Chérence,121,95,Petite population
95166,Cléry-en-Vexin,473,95,Petite population
95169,Commeny,511,95,Petite population
95170,Condécourt,544,95,Petite population
95176,Cormeilles-en-Parisis,26074,95,Population moyenne
95177,Cormeilles-en-Vexin,1298,95,Petite population
95181,Courcelles-sur-Viosne,298,95,Petite population
95183,Courdimanche,6720,95,Petite population
95197,Deuil-la-Barre,22050,95,Population moyenne
95199,Domont,15685,95,Population moyenne
95203,Eaubonne,25498,95,Population moyenne
95205,Écouen,7099,95,Petite population
95210,Enghien-les-Bains,11416,95,Population moyenne
95211,Ennery,2467,95,Petite population
95212,Épiais-lès-Louvres,112,95,Petite population
95213,Épiais-Rhus,616,95,Petite population
95214,Épinay-Champlâtreux,66,95,Petite population
95218,Éragny,18317,95,Population moyenne
95219,Ermont,29230,95,Population moyenne
95229,Ézanville,9594,95,Petite population
95241,Fontenay-en-Parisis,2078,95,Petite population
95250,Fosses,9830,95,Petite population
95252,Franconville,37347,95,Population moyenne
95253,Frémainville,515,95,Petite population
95254,Frémécourt,551,95,Petite population
95256,Frépillon,3346,95,Petite population
95257,La Frette-sur-Seine,4655,95,Petite population
95258,Frouville,349,95,Petite population
95268,Garges-lès-Gonesse,43215,95,Population moyenne
95270,Genainville,537,95,Petite population
95271,Génicourt,514,95,Petite population
95277,Gonesse,25853,95,Population moyenne
95280,Goussainville,30910,95,Population moyenne
95282,Gouzangrez,156,95,Petite population
95287,Grisy-les-Plâtres,698,95,Petite population
95288,Groslay,8474,95,Petite population
95295,Guiry-en-Vexin,143,95,Petite population
95298,Haravilliers,566,95,Petite population
95301,Haute-Isle,290,95,Petite population
95303,Le Heaulme,203,95,Petite population
95304,Hédouville,281,95,Petite population
95306,Herblay-sur-Seine,31747,95,Population moyenne
95308,Hérouville-en-Vexin,572,95,Petite population
95309,Hodent,213,95,Petite population
95313,L'Isle-Adam,11723,95,Population moyenne
95316,Jagny-sous-Bois,271,95,Petite population
95323,Jouy-le-Moutier,17225,95,Population moyenne
95328,Labbeville,644,95,Petite population
95331,Lassy,191,95,Petite population
95341,Livilliers,382,95,Petite population
95348,Longuesse,535,95,Petite population
95351,Louvres,11356,95,Population moyenne
95352,Luzarches,4828,95,Petite population
95353,Maffliers,1830,95,Petite population
95355,Magny-en-Vexin,5810,95,Petite population
95365,Mareil-en-France,718,95,Petite population
95369,Margency,2830,95,Petite population
95370,Marines,3438,95,Petite population
95371,Marly-la-Ville,5661,95,Petite population
95379,Maudétour-en-Vexin,193,95,Petite population
95387,Menouville,63,95,Petite population
95388,Menucourt,5998,95,Petite population
95392,Mériel,5211,95,Petite population
95394,Méry-sur-Oise,9983,95,Petite population
95395,Le Mesnil-Aubry,907,95,Petite population
95409,Moisselles,1264,95,Petite population
95422,Montgeroult,338,95,Petite population
95424,Montigny-lès-Cormeilles,22186,95,Population moyenne
95426,Montlignon,2917,95,Petite population
95427,Montmagny,14550,95,Population moyenne
95428,Montmorency,21688,95,Population moyenne
95429,Montreuil-sur-Epte,398,95,Petite population
95430,Montsoult,3703,95,Petite population
95436,Mours,1655,95,Petite population
95438,Moussy,116,95,Petite population
95445,Nerville-la-Forêt,753,95,Petite population
95446,Nesles-la-Vallée,1780,95,Petite population
95447,Neuilly-en-Vexin,229,95,Petite population
95450,Neuville-sur-Oise,2056,95,Petite population
95452,Nointel,868,95,Petite population
95456,Noisy-sur-Oise,647,95,Petite population
95459,Nucourt,706,95,Petite population
95462,Omerville,322,95,Petite population
95476,Osny,17111,95,Population moyenne
95480,Parmain,5602,95,Petite population
95483,Le Perchay,531,95,Petite population
95487,Persan,14029,95,Population moyenne
95488,Pierrelaye,9734,95,Petite population
95489,Piscop,669,95,Petite population
95491,Le Plessis-Bouchard,8454,95,Petite population
95492,Le Plessis-Gassot,82,95,Petite population
95493,Le Plessis-Luzarches,130,95,Petite population
95500,Pontoise,31973,95,Population moyenne
95504,Presles,3948,95,Petite population
95509,Puiseux-en-France,3583,95,Petite population
95510,Puiseux-Pontoise,571,95,Petite population
95523,La Roche-Guyon,479,95,Petite population
95527,Roissy-en-France,2793,95,Petite population
95529,Ronquerolles,874,95,Petite population
95535,Sagy,1103,95,Petite population
95539,Saint-Brice-sous-Forêt,15102,95,Population moyenne
95541,Saint-Clair-sur-Epte,993,95,Petite population
95543,Saint-Cyr-en-Arthies,239,95,Petite population
95554,Saint-Gervais,891,95,Petite population
95555,Saint-Gratien,20914,95,Population moyenne
95563,Saint-Leu-la-Forêt,16076,95,Population moyenne
95566,Saint-Martin-du-Tertre,2656,95,Petite population
95572,Saint-Ouen-l'Aumône,24743,95,Population moyenne
95574,Saint-Prix,7220,95,Petite population
95580,Saint-Witz,2439,95,Petite population
95582,Sannois,26524,95,Population moyenne
95584,Santeuil,663,95,Petite population
95585,Sarcelles,58483,95,Grande population
95592,Seraincourt,1297,95,Petite population
95594,Seugy,1038,95,Petite population
95598,Soisy-sous-Montmorency,18061,95,Population moyenne
95604,Survilliers,4276,95,Petite population
95607,Taverny,26607,95,Population moyenne
95610,Théméricourt,301,95,Petite population
95611,Theuville,53,95,Petite population
95612,Le Thillay,4597,95,Petite population
95625,Us,1339,95,Petite population
95627,Vallangoujard,594,95,Petite population
95628,Valmondois,1222,95,Petite population
95633,Vaudherland,101,95,Petite population
95637,Vauréal,16020,95,Population moyenne
95641,Vémars,2710,95,Petite population
95651,Vétheuil,885,95,Petite population
95652,Viarmes,5264,95,Petite population
95656,Vienne-en-Arthies,376,95,Petite population
95658,Vigny,1098,95,Petite population
95660,Villaines-sous-Bois,762,95,Petite population
95675,Villeron,1534,95,Petite population
95676,Villers-en-Arthies,490,95,Petite population
95678,Villiers-Adam,857,95,Petite population
95680,Villiers-le-Bel,28636,95,Population moyenne
95682,Villiers-le-Sec,193,95,Petite population
95690,Wy-dit-Joli-Village,330,95,Petite population
